79288,79288,79288,45:43.0,-0.9297159,-0.1162145,0.01464888,-13.00089,-5.859554,-4.211555,17.35,1017.59,0,0,0,0
79289,79289,79289,45:43.1,-0.6074404,-0.07177953,0.1025422,-5.676443,-9.399701,-2.380444,17.35,1017.59,0,0,0,0
79290,79290,79290,45:43.2,-1.737358,-0.4057741,0.187994,-4.272591,2.136296,30.09125,17.35,1017.59,0,0,0,0
79291,79291,79291,45:43.3,-1.098666,-0.4174932,0.04150517,-25.8797,1.281777,25.20829,17.35,1017.59,0,0,0,0
79292,79292,79292,45:43.4,-0.989288,-0.09472945,0.01513718,0.122074,-5.493332,3.723258,17.35,1017.598,0,0,0,0
79293,79293,79293,45:43.4,-0.7324442,-0.05761895,0.07519761,20.75259,-9.21659,-6.408887,17.35,1017.598,0,0,0,0
79294,79294,79294,45:43.5,-0.8647725,-0.03027436,0.253914,18.12799,0.8545183,-12.45155,17.35,1017.598,0,0,0,0
79295,79295,79295,45:43.6,-0.7031465,-0.1171911,0.1596728,-1.525926,12.51259,-4.08948,17.35,1017.59,0,0,0,0
79296,79296,79296,45:43.7,-1.42143,-0.249031,-0.1508835,-5.249184,0.122074,29.35881,17.35,1017.598,0,0,0,0
79297,79297,79297,45:43.8,-1.306192,-0.2895596,0.07861568,-1.586962,-19.34874,11.35289,17.35,1017.598,0,0,0,0
79298,79298,79298,45:43.8,-0.7324442,0.05615406,0.1406293,15.56444,5.73748,-13.61126,17.35,1017.598,0,0,0,0
79299,79299,79299,45:43.9,-0.7046114,-0.04785302,0.0629902,6.408887,5.12711,-11.23081,17.35,1017.598,0,0,0,0
79300,79300,79300,45:44.0,-0.9223914,-0.1127964,0,-0.3051851,-2.25837,-10.07111,17.35,1017.598,0,0,0,0
79301,79301,79301,45:44.1,-0.9160436,0.07763909,0.1201209,7.019257,-3.662221,-16.29688,17.35,1017.626,0,0,0,0
79302,79302,79302,45:44.2,-1.752007,-0.4707175,0.3457137,-5.12711,2.441481,11.35289,17.35,1017.598,0,0,0,0
79303,79303,79303,45:44.2,-0.923368,-0.3745232,0.06787317,-14.22163,9.399701,-5.859554,17.35,1017.59,0,0,0,0
79304,79304,79304,45:44.3,-0.9853817,-0.2304758,0.03271584,-22.15644,-3.601184,-15.56444,17.35,1017.59,0,0,0,0
79305,79305,79305,45:44.4,-0.5796075,-0.10889,0.03369243,-3.723258,1.586962,-22.46162,17.34,1017.582,0,0,0,0
79306,79306,79306,45:44.5,-0.8325449,-0.07080294,0.166509,8.606219,5.73748,-20.99673,17.35,1017.563,0,0,0,0
79307,79307,79307,45:44.6,-1.380413,-0.4799951,0.06152532,-6.34785,2.563555,19.65392,17.34,1017.582,0,0,0,0
79308,79308,79308,45:44.6,-0.9555956,-0.4057741,-0.04492325,3.357036,-14.52681,19.89807,17.34,1017.582,0,0,0,0
79309,79309,79309,45:44.7,-0.9355754,-0.2578204,0.1445357,5.615406,-6.408887,-14.52681,17.34,1017.582,0,0,0,0
79310,79310,79310,45:44.8,-0.5781426,-0.1674856,0.04736473,-9.338664,3.295999,-10.49837,17.35,1017.563,0,0,0,0
79311,79311,79311,45:44.9,-0.867214,-0.2255928,-0.05175939,-16.90726,-4.211555,-2.929777,17.35,1017.563,0,0,0,0
79312,79312,79312,45:45.0,-0.9092075,-0.2368236,-0.01855525,-6.103702,-6.34785,1.953185,17.35,1017.59,0,0,0,0
79313,79313,79313,45:45.0,-0.700705,0.08447523,0.06103702,7.629627,22.33955,12.51259,17.35,1017.563,0,0,0,0
79314,79314,79314,45:45.1,-1.460982,-0.4106571,0.222663,-19.10459,26.5511,38.51436,17.35,1017.563,0,0,0,0
79315,79315,79315,45:45.2,-1.217322,-0.3271584,0.1601611,-16.96829,19.77599,3.540147,17.34,1017.555,0,0,0,0
79316,79316,79316,45:45.3,-0.6675009,-0.09082308,0.008301035,-13.12296,-0.9765923,-14.40474,17.35,1017.59,0,0,0,0
79317,79317,79317,45:45.4,-0.595233,-0.105472,0.2148503,-3.906369,0.8545183,-18.25007,17.35,1017.617,0,0,0,0
79318,79318,79318,45:45.4,-0.9634083,-0.1460005,0.214362,-11.47496,-0.6103702,-8.423109,17.35,1017.59,0,0,0,0
79319,79319,79319,45:45.5,-0.8169194,-0.4311655,0.09179968,-21.36296,2.502518,-1.281777,17.35,1017.617,0,0,0,0
79320,79320,79320,45:45.6,-1.558153,-0.2729576,0.08984649,16.90726,3.173925,32.10547,17.34,1017.609,0,0,0,0
79321,79321,79321,45:45.7,-1.229041,-0.3769646,0.2119205,23.56029,-11.41392,15.01511,17.35,1017.617,0,0,0,0
79322,79322,79322,45:45.8,-0.7783441,-0.1333048,0.1445357,11.96326,-4.821925,-18.43318,17.35,1017.563,0,0,0,0
79323,79323,79323,45:45.8,-0.6621296,-0.2929777,0.07226783,-7.812738,-7.751701,-19.53185,17.35,1017.59,0,0,0,0
79324,79324,79324,45:45.9,-0.8413343,-0.1919004,-0.03906369,-4.638813,-13.06192,-17.1514,17.35,1017.563,0,0,0,0
79325,79325,79325,45:46.0,-0.8818629,-0.2128971,-0.01611377,9.521775,-13.73333,-8.117924,17.34,1017.582,0,0,0,0
79326,79326,79326,45:46.1,-1.092319,-0.3667104,0.06006043,24.10962,0.9765923,7.934813,17.34,1017.582,0,0,0,0
79327,79327,79327,45:46.2,-1.169958,-0.4565569,0.06884976,-3.967406,8.178961,-2.990814,17.34,1017.582,0,0,0,0
79328,79328,79328,45:46.2,-0.7368389,-0.1303751,0.06006043,-7.080294,-8.301035,-3.845332,17.34,1017.582,0,0,0,0
79329,79329,79329,45:46.3,-0.7724845,-0.05810724,0.1850642,5.554368,3.540147,-6.530961,17.34,1017.582,0,0,0,0
79330,79330,79330,45:46.4,-0.7788324,-0.1914121,0.2114322,-6.836146,4.08948,0.6103702,17.34,1017.609,0,0,0,0
79331,79331,79331,45:46.5,-0.8515885,-0.4389783,-0.03271584,-13.97748,4.150517,15.62548,17.34,1017.637,0,0,0,0
79332,79332,79332,45:46.6,-1.8399,-0.6357616,0.1762749,14.3437,-9.033479,46.57125,17.34,1017.609,0,0,0,0
79333,79333,79333,45:46.6,-0.9790338,-0.1455123,0.3393658,39.2468,-2.563555,2.929777,17.34,1017.582,0,0,0,0
79334,79334,79334,45:46.7,-0.700705,-0.17481,0.1523484,8.606219,7.690664,-12.2074,17.34,1017.582,0,0,0,0
79335,79335,79335,45:46.8,-0.7978759,-0.1699271,0.0634785,-11.16977,-1.831111,-6.653035,17.34,1017.582,0,0,0,0
79336,79336,79336,45:46.9,-0.8354747,-0.07959227,0.04443495,-11.65807,-6.530961,-10.92563,17.34,1017.574,0,0,0,0
79337,79337,79337,45:47.0,-0.8906522,-0.2348704,0.05322428,-9.82696,-8.728293,-6.775109,17.34,1017.601,0,0,0,0
79338,79338,79338,45:47.0,-1.202673,-0.3520615,0.1167028,-5.981628,4.394665,23.13303,17.34,1017.574,0,0,1,82
79339,79339,79339,45:47.1,-1.017121,-0.3466903,0.1001007,-14.89303,6.103702,25.20829,17.33,1017.539,0,0,1,82
79340,79340,79340,45:47.2,-1.125034,-0.402356,-0.0122074,-5.676443,-14.03851,-12.2074,17.34,1017.547,0,0,1,82
79341,79341,79341,45:47.3,-0.6386914,-0.09521775,0.02783288,25.8797,-21.11881,-35.76769,17.34,1017.582,0,0,1,82
79342,79342,79342,45:47.4,-0.7099826,-0.1499069,0.201178,33.02103,-7.812738,-28.07703,17.34,1017.555,0,0,1,82
79343,79343,79343,45:47.4,-0.8164312,-0.08496353,0.2368236,21.85125,-2.075259,-11.84118,17.34,1017.582,0,0,1,82
79344,79344,79344,45:47.5,-1.049837,-0.2954192,0.04638813,5.12711,-2.380444,6.225776,17.34,1017.574,0,0,1,82
79345,79345,79345,45:47.6,-1.375042,-0.3335063,0.06689657,16.90726,-7.934813,27.0394,17.34,1017.601,0,0,1,82
79346,79346,79346,45:47.7,-1.128941,-0.3921018,0.08447523,5.371258,-15.5034,20.87466,17.34,1017.574,0,0,1,82
79347,79347,79347,45:47.8,-0.7529527,-0.1669973,0.02783288,-22.64473,8.667256,-0.7324442,17.34,1017.547,0,0,1,82
79348,79348,79348,45:47.8,-0.8325449,-0.09765923,-0.07080294,-30.21332,-1.709037,0.4272591,17.34,1017.601,0,0,1,82
79349,79349,79349,45:47.9,-0.8716086,-0.1030305,-0.09619434,-17.6397,-5.066072,1.648,17.34,1017.601,0,0,1,82
79350,79350,79350,45:48.0,-1.059114,-0.3354595,0.05908383,-2.502518,11.41392,9.399701,17.34,1017.601,0,0,1,82
79351,79351,79351,45:48.1,-1.011261,-0.4536271,0.1474654,0.3051851,16.90726,2.319407,17.33,1017.621,0,0,1,82
79352,79352,79352,45:48.2,-1.321329,-0.3569445,0.09424116,4.333628,7.690664,-14.3437,17.33,1017.593,0,0,1,82
79353,79353,79353,45:48.2,-0.7339091,-0.1640675,0.1235389,9.82696,0.3662221,-27.22251,17.33,1017.566,0,0,1,82
79354,79354,79354,45:48.3,-0.7177954,-0.1127964,0.1821345,7.934813,5.920591,-20.99673,17.33,1017.593,0,0,1,82
79355,79355,79355,45:48.4,-0.6748253,-0.2182684,0.1523484,-10.37629,6.408887,-5.920591,17.34,1017.574,0,0,1,82
79356,79356,79356,45:48.5,-0.8774682,-0.3422956,0.126957,-21.24088,2.014222,7.56859,17.33,1017.539,0,0,1,82
79357,79357,79357,45:48.6,-1.501511,-0.4809717,-0.06543168,-22.0954,-3.47911,36.37806,17.33,1017.593,0,0,1,82
79358,79358,79358,45:48.6,-1.057161,-0.2417066,0.06201361,-26.18488,-9.887997,10.07111,17.33,1017.593,0,0,1,82
79359,79359,79359,45:48.7,-0.8633076,-0.2861415,0.0122074,-24.2317,3.662221,2.685629,17.33,1017.593,0,0,1,82
79360,79360,79360,45:48.8,-0.65627,-0.1645558,0.02148503,-17.1514,5.188147,-6.164739,17.33,1017.621,0,0,1,82
79361,79361,79361,45:48.9,-0.9541307,-0.1396527,-0.09814753,-16.54103,-0.1831111,-3.112888,17.33,1017.621,0,0,1,82
79362,79362,79362,45:49.0,-0.9111606,-0.1909238,-0.01660207,-6.164739,-1.281777,-1.953185,17.34,1017.601,0,0,1,82
79363,79363,79363,45:49.0,-1.452681,-0.5444502,0.1757866,3.295999,15.01511,19.40977,17.33,1017.593,0,0,1,82
79364,79364,79364,45:49.1,-0.9394818,-0.420423,0.0766625,0.8545183,14.3437,8.911405,17.34,1017.574,0,0,1,82
79365,79365,79365,45:49.2,-0.9756157,-0.2631916,0.0888699,5.615406,-2.319407,-7.56859,17.34,1017.574,0,0,1,82
79366,79366,79366,45:49.3,-0.6748253,-0.1406293,0.09765923,19.83703,-0.7934812,-16.84622,17.33,1017.566,0,0,1,82
79367,79367,79367,45:49.4,-0.72219,-0.1694388,0.2451247,16.60207,1.648,-3.967406,17.33,1017.558,0,0,1,82
79368,79368,79368,45:49.4,-1.108432,-0.3476669,0.05175939,8.178961,-0.6103702,10.68148,17.33,1017.566,0,0,1,82
79369,79369,79369,45:49.5,-1.397015,-0.4555803,0.07031465,31.18992,-9.155553,20.75259,17.34,1017.601,0,0,1,82
79370,79370,79370,45:49.6,-1.147496,-0.1894589,0.2627033,51.14902,-4.882962,1.831111,17.33,1017.621,0,0,1,82
79371,79371,79371,45:49.7,-0.7695547,-0.2080142,0.2348704,26.42903,9.399701,-13.36711,17.33,1017.593,0,0,1,82
79372,79372,79372,45:49.8,-0.7055879,-0.1596728,0.1704154,5.73748,4.394665,-12.57363,17.33,1017.566,0,0,1,82
79373,79373,79373,45:49.8,-0.9199499,-0.07373272,0.06933805,-4.272591,-13.24503,-2.441481,17.33,1017.593,0,0,1,82
79374,79374,79374,45:49.9,-0.8530534,-0.1513718,0.09228797,-1.525926,-16.41896,-5.493332,17.33,1017.585,0,0,1,82
79375,79375,79375,45:50.0,-0.967803,-0.2187567,-0.002441481,-0.06103702,-8.78933,6.164739,17.33,1017.585,0,0,1,82
79376,79376,79376,45:50.1,-0.9746391,-0.4326304,0.1127964,-4.455702,-0.7324442,23.86547,17.33,1017.613,0,0,1,82
79377,79377,79377,45:50.2,-1.056673,-0.3608509,0.06738487,7.446517,0.8545183,-8.178961,17.33,1017.593,0,0,1,82
79378,79378,79378,45:50.2,-0.6054872,-0.08105716,0.1162145,24.47585,-0.3051851,-16.60207,17.33,1017.593,0,0,1,82
79379,79379,79379,45:50.3,-0.8647725,-0.09424116,0.1962951,20.56948,-1.342814,-5.005035,17.33,1017.585,0,0,1,82
79380,79380,79380,45:50.4,-0.7837153,-0.09228797,0.1645558,12.32948,0.9765923,-7.446517,17.33,1017.585,0,0,1,82
79381,79381,79381,45:50.5,-0.9648732,-0.2524491,0.1567431,-1.403851,-1.586962,2.807703,17.33,1017.613,0,0,1,82
79382,79382,79382,45:50.6,-1.57622,-0.3086032,0.05908383,8.301035,-8.728293,34.18073,17.33,1017.613,0,0,1,82
79383,79383,79383,45:50.6,-1.06888,-0.2646565,0.1440474,-10.49837,-16.84622,20.56948,17.33,1017.585,0,0,1,82
79384,79384,79384,45:50.7,-0.8686789,-0.145024,0.09521775,-13.79437,3.112888,1.098666,17.33,1017.613,0,0,1,82
79385,79385,79385,45:50.8,-0.6728721,-0.09424116,0.01660207,-21.91229,8.667256,-1.709037,17.32,1017.605,0,0,1,82
79386,79386,79386,45:50.9,-0.8965117,-0.1001007,-0.03711051,-24.17066,-3.906369,-1.892148,17.33,1017.613,0,0,1,82
79387,79387,79387,45:51.0,-1.425825,-0.4043092,0.06738487,-13.91644,2.929777,17.51762,17.33,1017.613,0,0,1,82
79388,79388,79388,45:51.0,-0.8779565,-0.2558672,0.1518601,-8.728293,11.59703,14.832,17.33,1017.613,0,0,1,82
79389,79389,79389,45:51.1,-1.07767,-0.2470779,0.04199347,-11.536,3.051851,0.122074,17.33,1017.585,0,0,1,82
79390,79390,79390,45:51.2,-0.7490463,-0.1176794,0.04882962,-4.394665,-5.066072,-15.32029,17.33,1017.613,0,0,1,82
79391,79391,79391,45:51.3,-0.8154546,-0.08349864,0.1606494,1.098666,1.709037,-18.67733,17.33,1017.621,0,0,1,82
79392,79392,79392,45:51.4,-0.8476821,-0.1435591,0.1567431,-3.234962,3.662221,-17.27348,17.33,1017.613,0,0,1,82
79393,79393,79393,45:51.4,-0.9355754,-0.3481552,0.06982635,-13.61126,3.723258,-5.12711,17.33,1017.64,0,0,1,82
79394,79394,79394,45:51.5,-1.291543,-0.3613392,0.02783288,-3.906369,-1.648,20.99673,17.33,1017.613,0,0,1,82
79395,79395,79395,45:51.6,-1.281777,-0.1699271,0.08642842,-6.286813,-3.845332,15.13718,17.33,1017.585,0,0,1,82
79396,79396,79396,45:51.7,-0.7588122,-0.1865291,0.05713065,-9.704886,3.967406,-1.464888,17.32,1017.577,0,0,1,82
79397,79397,79397,45:51.8,-0.7021699,-0.1494186,0.003906369,-3.540147,0.7324442,-11.65807,17.32,1017.605,0,0,1,82
79398,79398,79398,45:51.8,-0.8554949,-0.1196326,-0.1010773,-5.066072,-10.74252,-6.897183,17.32,1017.605,0,0,1,82
79399,79399,79399,45:51.9,-1.038118,-0.06543168,-0.0126957,8.850368,-5.981628,2.25837,17.33,1017.585,0,0,1,82
79400,79400,79400,45:52.0,-1.244179,-0.2519608,0.2168035,17.02933,11.65807,16.84622,17.33,1017.613,0,0,1,82
79401,79401,79401,45:52.1,-1.038606,-0.4150517,0.1298868,2.136296,8.423109,15.19822,17.33,1017.613,0,0,1,82
79402,79402,79402,45:52.2,-1.016144,-0.3027436,0.02294992,-7.99585,0.8545183,-1.281777,17.33,1017.613,0,0,1,82
79403,79403,79403,45:52.2,-0.6499222,-0.1586962,0.04394665,6.897183,-5.493332,-16.90726,17.32,1017.632,0,0,1,82
79404,79404,79404,45:52.3,-0.7763909,-0.03076266,0.2314524,16.66311,0.06103702,-13.67229,17.32,1017.651,0,0,1,82
79405,79405,79405,45:52.4,-0.9961241,0.01464888,0.1782281,-0.9765923,2.685629,-9.094516,17.32,1017.651,0,0,1,82
79406,79406,79406,45:52.5,-0.9028596,-0.3095798,0.09375286,-19.22666,-0.122074,-0.9155553,17.32,1017.651,0,0,1,82
79407,79407,79407,45:52.6,-0.9580371,-0.2426832,-0.02050844,-1.22074,-17.94488,11.47496,17.32,1017.659,0,0,1,82
79408,79408,79408,45:52.6,-0.9321573,-0.2509842,0.07519761,4.943998,0.122074,3.540147,17.32,1017.659,0,0,1,82
79409,79409,79409,45:52.7,-0.6758019,-0.08496353,-0.04150517,-7.080294,1.342814,0.1831111,17.32,1017.659,0,0,1,82
79410,79410,79410,45:52.8,-0.8447524,-0.1113315,-0.04882962,-3.173925,-6.286813,-7.507553,17.32,1017.659,0,0,1,82
79411,79411,79411,45:52.9,-0.9136021,-0.06250191,-0.02441481,7.202368,-9.521775,-6.225776,17.32,1017.659,0,0,1,82
79412,79412,79412,45:53.0,-1.040071,0.04638813,0.1093783,8.301035,3.234962,7.629627,17.32,1017.632,0,0,1,82
79413,79413,79413,45:53.0,-1.686575,-0.4443495,0.2461013,-12.51259,10.19318,21.85125,17.32,1017.651,0,0,1,82
79414,79414,79414,45:53.1,-0.9995422,-0.4013794,-0.05908383,-14.16059,12.39051,2.807703,17.32,1017.659,0,0,1,82
79415,79415,79415,45:53.2,-0.9170202,-0.1767632,-0.02783288,-12.57363,-12.14637,-7.263405,17.32,1017.624,0,0,1,82
79416,79416,79416,45:53.3,-0.6997284,-0.08056886,0.0380871,7.873775,-9.82696,-18.92148,17.32,1017.624,0,0,1,82
79417,79417,79417,45:53.4,-0.9350871,-0.1103549,0.1460005,5.676443,0.8545183,-12.63466,17.32,1017.651,0,0,1,82
79418,79418,79418,45:53.4,-0.7290261,-0.1855525,0.09375286,-6.34785,11.96326,-10.68148,17.32,1017.632,0,0,1,82
79419,79419,79419,45:53.5,-1.089877,-0.3379009,-0.04443495,-8.117924,8.545182,7.629627,17.32,1017.659,0,0,1,82
79420,79420,79420,45:53.6,-1.61333,-0.5410321,0.1669973,17.21244,-3.540147,31.00681,17.32,1017.659,0,0,1,82
79421,79421,79421,45:53.7,-1.016144,-0.1899472,0.2631916,20.08118,-1.648,14.16059,17.32,1017.659,0,0,1,82
79422,79422,79422,45:53.8,-0.8056887,-0.1826228,0.0253914,-13.73333,8.056887,1.037629,17.32,1017.651,0,0,1,82
79423,79423,79423,45:53.8,-0.7988525,-0.2036195,-0.06152532,-20.56948,2.929777,-4.882962,17.32,1017.651,0,0,1,82
79424,79424,79424,45:53.9,-0.9165319,-0.10889,-0.05322428,-4.638813,-4.760888,-5.188147,17.32,1017.624,0,0,1,82
79425,79425,79425,45:54.0,-0.7959228,-0.03515732,0.07763909,23.43822,-7.690664,-11.47496,17.32,1017.651,0,0,1,82
79426,79426,79426,45:54.1,-1.236854,-0.01806696,0.1601611,25.14725,-5.432295,3.418073,17.32,1017.659,0,0,1,82
79427,79427,79427,45:54.2,-0.8979766,-0.3803827,-0.03173925,-2.807703,8.972442,10.74252,17.32,1017.632,0,0,1,82
79428,79428,79428,45:54.2,-1.042024,-0.2837001,0.06152532,3.47911,-1.037629,-2.380444,17.32,1017.659,0,0,1,82
79429,79429,79429,45:54.3,-0.7744377,-0.05810724,0.08984649,19.53185,-1.892148,-14.22163,17.32,1017.624,0,0,1,82
79430,79430,79430,45:54.4,-0.7910398,-0.0634785,0.161626,15.62548,-0.6103702,-18.31111,17.32,1017.651,0,0,1,82
79431,79431,79431,45:54.5,-0.9087191,0.04297006,0.1762749,6.591998,3.601184,-19.83703,17.32,1017.624,0,0,1,82
79432,79432,79432,45:54.6,-0.9140904,-0.4282357,0.03955199,-8.911405,6.897183,-15.93066,17.32,1017.651,0,0,1,82
79433,79433,79433,45:54.6,-1.149937,-0.2280343,-0.03418073,1.953185,-4.577776,24.78103,17.32,1017.651,0,0,1,82
79434,79434,79434,45:54.7,-1.162633,-0.1069369,0.1098666,32.59377,-13.184,50.53865,17.32,1017.624,0,0,1,82
79435,79435,79435,45:54.8,-0.7802973,-0.09717093,0.1435591,18.12799,-5.981628,22.33955,17.32,1017.651,0,0,1,82
79436,79436,79436,45:54.9,-0.857448,-0.03955199,-0.06054872,-9.033479,-2.380444,8.911405,17.32,1017.624,0,0,1,82
79437,79437,79437,45:55.0,-0.8760033,-0.1279336,-0.1196326,-8.545182,-10.43733,-1.892148,17.32,1017.624,0,0,1,82
79438,79438,79438,45:55.0,-1.018586,0.03027436,0.03564562,19.16562,-11.96326,-13.42814,17.31,1017.643,0,0,1,82
79439,79439,79439,45:55.1,-0.7739494,0.1538133,0.13184,31.55614,-3.418073,-13.00089,17.32,1017.651,0,0,1,82
79440,79440,79440,45:55.2,-1.849666,-0.441908,0.3003021,-0.2441481,3.234962,19.9591,17.32,1017.651,0,0,1,82
79441,79441,79441,45:55.3,-1.017121,-0.3364361,0.04394665,-11.47496,14.03851,11.16977,17.32,1017.651,0,0,1,82
79442,79442,79442,45:55.4,-1.033723,-0.08252205,-0.0126957,-9.704886,0.1831111,-4.577776,17.32,1017.679,0,0,1,82
79443,79443,79443,45:55.4,-0.7046114,-0.04394665,0.07763909,5.310221,2.075259,-20.9357,17.32,1017.651,0,0,1,82
79444,79444,79444,45:55.5,-0.8852809,0.08691671,0.1840876,1.159703,8.178961,-22.82784,17.32,1017.651,0,0,1,82
79445,79445,79445,45:55.6,-0.7885983,-0.1084017,0.09131138,-23.07199,14.22163,-9.094516,17.31,1017.616,0,0,1,82
79446,79446,79446,45:55.7,-1.054231,-0.1718802,0.008301035,-30.76266,6.591998,15.38133,17.31,1017.616,0,0,1,82
79447,79447,79447,45:55.8,-0.9560839,-0.2055727,0.2202216,2.746666,-9.949034,-0.06103702,17.31,1017.643,0,0,1,82
79448,79448,79448,45:55.8,-0.8471938,-0.1157262,0.01904355,-8.056887,5.432295,-4.394665,17.31,1017.643,0,0,1,82
79449,79449,79449,45:55.9,-0.9272744,-0.1396527,-0.06787317,-22.76681,-8.117924,-8.850368,17.32,1017.624,0,0,1,82
79450,79450,79450,45:56.0,-0.8823512,0.03027436,-0.04052858,-16.05274,-9.521775,-21.24088,17.32,1017.651,0,0,1,82
79451,79451,79451,45:56.1,-0.6855678,-0.0629902,0.03613392,-7.019257,-4.760888,-31.9834,17.31,1017.643,0,0,1,82
79452,79452,79452,45:56.2,-1.221229,-0.2392651,-0.04394665,-15.9917,-11.23081,-25.20829,17.31,1017.589,0,0,1,82
79453,79453,79453,45:56.2,-1.225623,-0.3188574,-0.05468917,-23.2551,-6.408887,4.882962,17.31,1017.589,0,0,1,82
79454,79454,79454,45:56.3,-0.8379162,-0.4897611,-0.1787164,-24.29273,8.78933,8.423109,17.31,1017.589,0,0,1,82
79455,79455,79455,45:56.4,-0.9507126,-0.2299875,-0.1044954,-15.5034,-5.981628,3.418073,17.31,1017.608,0,0,1,82
79456,79456,79456,45:56.5,-0.753441,-0.1669973,-0.04589984,7.324442,-5.249184,-8.056887,17.31,1017.608,0,0,1,82
79457,79457,79457,45:56.6,-0.8178961,-0.135258,0.0756859,10.68148,-10.49837,-21.85125,17.31,1017.616,0,0,1,82
79458,79458,79458,45:56.6,-0.8335215,-0.153325,0.002929777,5.12711,-19.59288,-32.10547,17.31,1017.608,0,0,1,82
79459,79459,79459,45:56.7,-0.9746391,-0.3379009,-0.1455123,-0.4882962,-24.04859,-22.21747,17.31,1017.643,0,0,1,82
79460,79460,79460,45:56.8,-1.29545,-0.4951323,-0.4116337,0.06103702,-23.62133,13.184,17.31,1017.635,0,0,1,82
79461,79461,79461,45:56.9,-1.045442,-0.5542161,-0.4350719,-6.286813,-35.2794,6.591998,17.31,1017.635,0,0,1,82
79462,79462,79462,45:57.0,-0.7925047,-0.3422956,-0.2168035,13.55022,-5.432295,-14.77096,17.31,1017.616,0,0,1,82
79463,79463,79463,45:57.0,-0.5185705,-0.2114322,-0.1811579,8.362072,7.99585,-13.8554,17.31,1017.616,0,0,1,82
79464,79464,79464,45:57.1,-0.7426984,-0.2031312,-0.267098,0,3.173925,1.342814,17.31,1017.589,0,0,1,82
79465,79465,79465,45:57.2,-0.8823512,-0.3071383,-0.2207099,3.295999,0.3662221,16.05274,17.31,1017.643,0,0,1,82
79466,79466,79466,45:57.3,-0.6543168,-0.09863582,-0.1416059,12.2074,11.71911,17.1514,17.31,1017.608,0,0,1,82
79467,79467,79467,45:57.4,-0.9604785,-0.4658345,-0.486343,-4.760888,-19.16562,19.53185,17.31,1017.643,0,0,1,82
79468,79468,79468,45:57.4,-0.9116489,-0.1108432,-0.2866299,33.87555,-22.94992,1.281777,17.31,1017.635,0,0,1,82
79469,79469,79469,45:57.5,-0.8906522,-0.07226783,-0.005371258,57.80206,2.441481,-0.4272591,17.31,1017.608,0,0,1,82
79470,79470,79470,45:57.6,-0.8105716,-0.005859554,-0.02392651,40.77273,11.59703,-15.38133,17.31,1017.643,0,0,1,82
79471,79471,79471,45:57.7,-0.7788324,-0.2290109,-0.03173925,16.90726,27.0394,-4.150517,17.31,1017.643,0,0,1,82
79472,79472,79472,45:57.8,-1.377483,-0.4170049,-0.1938536,-0.2441481,18.55525,18.49422,17.31,1017.671,0,0,1,82
79473,79473,79473,45:57.8,-0.9648732,-0.3432722,-0.1689505,-13.42814,-2.441481,4.211555,17.31,1017.671,0,0,1,82
79474,79474,79474,45:57.9,-0.8862575,-0.2553789,0.06201361,6.653035,21.85125,-15.32029,17.31,1017.671,0,0,1,82
79475,79475,79475,45:58.0,-0.7607654,-0.2089908,-0.04394665,-24.35377,19.89807,-19.04355,17.31,1017.671,0,0,1,82
79476,79476,79476,45:58.1,-0.8037355,-0.2553789,-0.1406293,-39.85717,13.36711,-18.25007,17.31,1017.635,0,0,1,82
79477,79477,79477,45:58.2,-0.8960235,-0.3061617,-0.1479537,-30.3354,16.54103,-8.117924,17.31,1017.663,0,0,1,82
79478,79478,79478,45:58.2,-0.8628193,-0.1640675,-0.1694388,-12.87881,29.23673,-0.3051851,17.31,1017.69,0,0,1,82
79479,79479,79479,45:58.3,-1.561083,-0.8462172,0.2231513,-5.920591,40.46754,28.01599,17.3,1017.655,0,0,1,82
79480,79480,79480,45:58.4,-0.8154546,-0.5488449,0.04101688,22.5837,39.00266,-9.704886,17.3,1017.655,0,0,1,82
79481,79481,79481,45:58.5,-0.8198493,-0.2124088,0.1782281,34.54695,17.27348,-4.882962,17.31,1017.663,0,0,1,82
79482,79482,79482,45:58.6,-0.5976745,-0.1245155,0.2392651,38.0871,13.24503,2.197333,17.31,1017.635,0,0,1,82
79483,79483,79483,45:58.6,-0.8037355,-0.1176794,0.2617267,20.81362,1.953185,-0.8545183,17.31,1017.635,0,0,1,82
79484,79484,79484,45:58.7,-0.7593005,-0.1826228,0.2270577,7.385479,0.122074,8.78933,17.31,1017.663,0,0,1,82
79485,79485,79485,45:58.8,-1.053743,-0.3388775,0.1279336,3.112888,-8.78933,24.17066,17.3,1017.655,0,0,1,82
79486,79486,79486,45:58.9,-1.40434,-0.201178,0.1298868,20.14222,-20.63051,34.60799,17.3,1017.627,0,0,1,82
79487,79487,79487,45:59.0,-0.6655477,-0.122074,0.1108432,-18.37214,-3.845332,-13.36711,17.3,1017.655,0,0,1,82
79488,79488,79488,45:59.0,-0.7182837,-0.1284219,-0.02880947,-35.15732,-9.094516,-8.056887,17.31,1017.663,0,0,1,82
79489,79489,79489,45:59.1,-0.9106723,-0.2148503,-0.07715079,-29.05362,-15.93066,-8.911405,17.31,1017.663,0,0,1,82
79490,79490,79490,45:59.2,-1.253945,-0.3159276,0.08642842,-14.22163,-5.12711,-3.112888,17.31,1017.671,0,0,1,82
79491,79491,79491,45:59.3,-0.9033479,-0.3291116,-0.009765923,-16.84622,23.80444,-14.52681,17.31,1017.663,0,0,1,82
79492,79492,79492,45:59.4,-0.7676015,-0.5957213,0.05566576,-13.30607,14.70992,-46.75436,17.3,1017.655,0,0,1,82
79493,79493,79493,45:59.4,-0.8701438,-0.3637806,0.0126957,-8.728293,-18.61629,-27.58873,17.3,1017.655,0,0,1,82
79494,79494,79494,45:59.5,-0.7837153,-0.3530381,-0.01513718,-6.591998,-15.86963,-8.423109,17.3,1017.655,0,0,1,82
79495,79495,79495,45:59.6,-0.8086184,-0.1933653,0.06884976,3.784295,-0.3662221,6.714072,17.3,1017.647,0,0,1,82
79496,79496,79496,45:59.7,-0.7715079,-0.4082156,0.1733451,7.690664,6.775109,15.19822,17.3,1017.647,0,0,1,82
79497,79497,79497,45:59.8,-0.9775689,-0.3212989,0.08203375,10.5594,11.29185,28.62636,17.3,1017.674,0,0,1,82
79498,79498,79498,45:59.8,-1.168981,-0.4658345,-0.1176794,15.32029,3.662221,39.79613,17.3,1017.647,0,0,1,82
79499,79499,79499,45:59.9,-1.095737,-0.2500076,0.201178,10.62044,3.295999,4.08948,17.3,1017.619,0,0,1,82
79500,79500,79500,46:00.0,-0.6948454,-0.1460005,0.1606494,-1.159703,21.36296,-13.48918,17.3,1017.619,0,0,1,82
79501,79501,79501,46:00.1,-0.7094943,-0.1845759,0.0761742,-19.2877,13.79437,-7.385479,17.3,1017.619,0,0,1,82
79502,79502,79502,46:00.2,-0.7768792,-0.3178808,-0.01709037,-21.24088,-1.098666,-0.4272591,17.3,1017.619,0,0,1,82
79503,79503,79503,46:00.2,-0.976104,-0.1230506,0.04150517,-6.95822,-2.197333,9.277627,17.3,1017.619,0,0,1,82
79504,79504,79504,46:00.3,-1.551805,-0.4116337,0.3662221,-10.92563,3.967406,29.05362,17.3,1017.619,0,0,1,82
79505,79505,79505,46:00.4,-0.687521,-0.3877071,0.04589984,3.967406,19.2877,-13.67229,17.3,1017.619,0,0,1,82
79506,79506,79506,46:00.5,-0.7993408,-0.301767,0.07812738,-10.62044,-5.859554,-14.58785,17.3,1017.619,0,0,1,82
79507,79507,79507,46:00.6,-0.8335215,-0.1757866,0.1806696,5.066072,-0.7324442,-2.86874,17.3,1017.592,0,0,1,82
79508,79508,79508,46:00.6,-0.8076419,-0.3520615,0.1499069,4.699851,-1.464888,-0.122074,17.3,1017.619,0,0,1,82
79509,79509,79509,46:00.7,-1.194861,-0.333018,0.1171911,10.13214,-13.24503,19.10459,17.29,1017.611,0,0,1,82
79510,79510,79510,46:00.8,-1.018098,-0.324717,0.01171911,20.26429,-14.3437,25.51347,17.29,1017.639,0,0,1,82
79511,79511,79511,46:00.9,-0.999054,-0.3432722,0.1376995,13.67229,-14.46577,6.653035,17.29,1017.639,0,0,1,82
79512,79512,79512,46:01.0,-0.7676015,-0.2197333,0.03027436,-5.005035,-8.239998,-3.234962,17.3,1017.674,0,0,1,82
79513,79513,79513,46:01.0,-0.761742,-0.2353587,-0.02197333,-5.005035,-1.342814,-3.295999,17.3,1017.674,0,0,1,82
79514,79514,79514,46:01.1,-0.9375286,-0.09326456,-0.005371258,7.019257,-6.34785,1.525926,17.3,1017.655,0,0,1,82
79515,79515,79515,46:01.2,-0.9092075,-0.1225623,0.05566576,20.26429,-5.371258,2.136296,17.3,1017.655,0,0,1,82
79516,79516,79516,46:01.3,-1.262246,-0.2675863,0.1245155,17.94488,5.554368,18.25007,17.3,1017.647,0,0,1,82
79517,79517,79517,46:01.4,-0.8921171,-0.1523484,0.1157262,1.709037,13.30607,22.76681,17.3,1017.647,0,0,1,82
79518,79518,79518,46:01.4,-1.185095,-0.4223762,0.07812738,0.4272591,14.832,11.90222,17.3,1017.647,0,0,1,82
79519,79519,79519,46:01.5,-0.8149663,-0.07031465,0.1225623,13.12296,0.3051851,-1.342814,17.29,1017.666,0,0,1,82
79520,79520,79520,46:01.6,-0.7114475,-0.07324442,0.1289102,13.36711,4.638813,-11.41392,17.29,1017.639,0,0,1,82
79521,79521,79521,46:01.7,-0.9013947,-0.01171911,0.2251045,10.31526,2.380444,-15.01511,17.3,1017.647,0,0,1,82
79522,79522,79522,46:01.8,-0.7812738,-0.1464888,0.1635792,6.714072,-0.3662221,-15.86963,17.29,1017.639,0,0,1,82
79523,79523,79523,46:01.8,-1.057161,-0.09765923,0.1079134,3.784295,-10.80355,1.281777,17.29,1017.666,0,0,1,82
79524,79524,79524,46:01.9,-1.382366,-0.4712058,0.2080142,9.949034,-15.32029,12.6957,17.29,1017.666,0,0,1,82
79525,79525,79525,46:02.0,-0.9013947,-0.232429,0.1064486,-8.728293,-10.25422,3.418073,17.3,1017.674,0,0,1,82
79526,79526,79526,46:02.1,-0.9092075,-0.1147496,0.1113315,-15.25925,-0.7324442,0.7934812,17.3,1017.647,0,0,1,82
79527,79527,79527,46:02.2,-0.8974884,-0.1250038,-0.04297006,-19.40977,-8.606219,-2.502518,17.3,1017.674,0,0,1,82
79528,79528,79528,46:02.2,-0.9819636,-0.1367229,0,-3.540147,-6.591998,1.22074,17.3,1017.674,0,0,1,82
79529,79529,79529,46:02.3,-1.314493,-0.2402417,0.1030305,-2.014222,3.051851,26.24592,17.3,1017.647,0,0,1,82
79530,79530,79530,46:02.4,-1.018098,-0.3071383,0.1411176,-11.90222,12.81777,28.50429,17.29,1017.666,0,0,1,82
79531,79531,79531,46:02.5,-0.9321573,-0.2221747,0.06787317,-18.55525,12.14637,-3.906369,17.29,1017.603,0,0,1,82
79532,79532,79532,46:02.6,-0.6225776,-0.08398694,0.06982635,-6.469924,3.295999,-11.16977,17.29,1017.631,0,0,1,82
79533,79533,79533,46:02.6,-0.9443648,-0.10889,0.2055727,-5.554368,-0.9155553,-15.74755,17.29,1017.639,0,0,1,82
79534,79534,79534,46:02.7,-0.8037355,-0.08056886,0.1528367,-9.887997,1.098666,-15.32029,17.3,1017.674,0,0,1,82
79535,79535,79535,46:02.8,-0.9770806,-0.2793054,0.08203375,-13.00089,-3.47911,-1.22074,17.29,1017.666,0,0,1,82
79536,79536,79536,46:02.9,-1.301798,-0.2251045,-0.07177953,4.272591,-8.178961,23.07199,17.29,1017.639,0,0,1,82
79537,79537,79537,46:03.0,-1.084506,-0.1933653,-0.04638813,14.46577,-19.59288,18.73837,17.29,1017.611,0,0,1,82
79538,79538,79538,46:03.0,-0.8769799,-0.1601611,0.08789331,22.33955,-5.73748,-8.484145,17.29,1017.639,0,0,1,82
79539,79539,79539,46:03.1,-0.7529527,-0.06982635,0.0126957,7.934813,2.014222,-17.1514,17.29,1017.639,0,0,1,82
79540,79540,79540,46:03.2,-0.8608661,-0.1020539,0.002441481,-0.5493332,-2.197333,-13.97748,17.29,1017.666,0,0,1,82
79541,79541,79541,46:03.3,-0.8462172,-0.1411176,-0.013184,0.6714072,-3.418073,-10.68148,17.29,1017.639,0,0,1,82
79542,79542,79542,46:03.4,-0.9443648,-0.05517747,0.04589984,-2.929777,1.342814,1.770074,17.29,1017.631,0,0,1,82
79543,79543,79543,46:03.4,-1.341838,-0.4609516,0.1503952,-13.61126,13.30607,22.94992,17.29,1017.631,0,0,1,82
79544,79544,79544,46:03.5,-1.012238,-0.298349,0.05713065,2.929777,21.91229,11.47496,17.28,1017.65,0,0,1,82
79545,79545,79545,46:03.6,-0.8379162,-0.01855525,0.1123081,5.73748,3.540147,4.272591,17.29,1017.658,0,0,1,82
79546,79546,79546,46:03.7,-0.7553942,0.003418073,0.1923887,4.211555,6.164739,-0.6714072,17.29,1017.658,0,0,1,82
79547,79547,79547,46:03.8,-0.709006,-0.1157262,0.1713919,-32.10547,8.606219,-11.41392,17.29,1017.631,0,0,1,82
79548,79548,79548,46:03.8,-1.113315,-0.2553789,-0.07959227,-38.20918,-2.929777,12.14637,17.29,1017.631,0,0,1,82
79549,79549,79549,46:03.9,-1.374065,-0.1718802,-0.0629902,-1.525926,-5.310221,31.92236,17.29,1017.658,0,0,1,82
79550,79550,79550,46:04.0,-1.073763,-0.3564562,-0.02636799,2.380444,-16.23585,10.5594,17.29,1017.631,0,0,1,82
79551,79551,79551,46:04.1,-0.6787317,-0.1264687,-0.04004028,10.86459,-11.65807,-16.78518,17.29,1017.658,0,0,1,82
79552,79552,79552,46:04.2,-0.8257088,-0.1293985,-0.07422101,16.96829,-17.6397,-16.35792,17.29,1017.631,0,0,1,82
79553,79553,79553,46:04.2,-1.006378,-0.0502945,-0.000488296,28.56532,-16.05274,-20.50844,17.29,1017.658,0,0,1,82
79554,79554,79554,46:04.3,-0.7641835,-0.07422101,-0.02734458,32.59377,-5.73748,-22.82784,17.29,1017.631,0,0,1,82
79555,79555,79555,46:04.4,-1.216346,-0.0766625,0.1093783,20.20325,-2.624592,-8.606219,17.29,1017.631,0,0,1,82
79556,79556,79556,46:04.5,-1.295938,-0.3222755,0.05322428,6.164739,1.770074,7.019257,17.29,1017.603,0,0,1,82
79557,79557,79557,46:04.6,-0.9111606,-0.5351726,0.02099673,5.981628,8.78933,-3.357036,17.28,1017.623,0,0,1,82
79558,79558,79558,46:04.6,-0.7695547,-0.1914121,0.05615406,7.629627,2.197333,-11.71911,17.28,1017.595,0,0,1,82
79559,79559,79559,46:04.7,-0.674337,-0.1367229,0.1118198,16.54103,7.263405,-8.423109,17.29,1017.631,0,0,1,82
79560,79560,79560,46:04.8,-0.9756157,-0.1362346,0.2441481,5.615406,2.25837,-12.08533,17.28,1017.623,0,0,1,82
79561,79561,79561,46:04.9,-0.8740501,-0.1293985,0.1162145,-10.49837,9.704886,-11.23081,17.29,1017.631,0,0,1,82
79562,79562,79562,46:05.0,-0.8799097,-0.4243294,0.05615406,-14.58785,7.507553,2.685629,17.29,1017.631,0,0,1,82
79563,79563,79563,46:05.0,-1.504929,-0.5278481,0.013184,-2.624592,2.014222,31.86132,17.28,1017.65,0,0,1,82
79564,79564,79564,46:05.1,-1.213416,-0.412122,0.1894589,-6.653035,-7.385479,23.7434,17.28,1017.623,0,0,1,82
79565,79565,79565,46:05.2,-0.7978759,-0.1713919,0.1162145,-8.484145,6.408887,-0.5493332,17.28,1017.623,0,0,1,82
79566,79566,79566,46:05.3,-0.6631062,-0.1977599,-0.04980621,-24.47585,-4.333628,-0.1831111,17.28,1017.623,0,0,1,82
79567,79567,79567,46:05.4,-0.8305917,-0.1132847,-0.05224769,14.70992,-11.536,-6.897183,17.29,1017.658,0,0,1,82
79568,79568,79568,46:05.4,-1.081576,-0.1215857,0.1132847,23.68236,2.929777,8.301035,17.28,1017.65,0,0,1,82
79569,79569,79569,46:05.5,-1.293008,-0.3252052,0.1967833,0.9765923,9.887997,20.26429,17.28,1017.623,0,0,1,82
79570,79570,79570,46:05.6,-1.022492,-0.380871,0.02197333,-3.112888,10.62044,3.723258,17.29,1017.658,0,0,1,82
79571,79571,79571,46:05.7,-0.822779,-0.1621143,0.1176794,-5.798517,-3.845332,-13.79437,17.28,1017.65,0,0,1,82
79572,79572,79572,46:05.8,-0.7148656,-0.1674856,0.08398694,-3.357036,4.028443,-18.67733,17.28,1017.65,0,0,1,82
79573,79573,79573,46:05.8,-0.9023713,-0.08349864,0.1489303,-7.385479,3.295999,-9.460738,17.29,1017.631,0,0,1,82
79574,79574,79574,46:05.9,-0.7646718,-0.1728568,0.1518601,-11.23081,5.798517,-5.493332,17.29,1017.631,0,0,1,82
79575,79575,79575,46:06.0,-1.240272,-0.4170049,-0.009765923,-18.73837,-2.380444,6.95822,17.28,1017.65,0,0,1,82
79576,79576,79576,46:06.1,-1.062044,-0.3300882,0.000488296,2.746666,-10.92563,18.92148,17.29,1017.658,0,0,1,82
79577,79577,79577,46:06.2,-1.283731,-0.3359478,0.08740501,8.545182,-12.32948,17.33451,17.28,1017.623,0,0,1,82
79578,79578,79578,46:06.2,-0.8047121,-0.1479537,0.0385754,-14.22163,-1.037629,-1.648,17.29,1017.603,0,0,1,82
79579,79579,79579,46:06.3,-0.6772668,-0.140141,-0.05957213,-21.30192,5.249184,-10.74252,17.29,1017.631,0,0,1,82
79580,79580,79580,46:06.4,-0.8652608,-0.1396527,-0.1157262,-21.91229,-2.502518,-16.29688,17.28,1017.65,0,0,1,82
79581,79581,79581,46:06.5,-0.9306925,-0.2114322,-0.03320414,-3.967406,-3.662221,-22.27851,17.28,1017.623,0,0,1,82
79582,79582,79582,46:06.6,-0.9277627,-0.03369243,-0.0126957,3.234962,6.591998,-4.638813,17.28,1017.614,0,0,1,82
79583,79583,79583,46:06.6,-1.190466,-0.4077273,-0.02392651,-1.159703,15.38133,26.73421,17.28,1017.614,0,0,1,82
79584,79584,79584,46:06.7,-1.020051,-0.3222755,0.1826228,18.43318,29.78607,14.70992,17.28,1017.614,0,0,1,82
79585,79585,79585,46:06.8,-1.16654,-0.3730583,0.1870174,13.91644,18.49422,-5.371258,17.28,1017.614,0,0,1,82
79586,79586,79586,46:06.9,-0.8506119,-0.126957,0.1982482,8.667256,1.037629,-16.96829,17.28,1017.623,0,0,1,82
79587,79587,79587,46:07.0,-0.5068514,-0.1357463,0.1196326,-7.202368,3.112888,1.037629,17.28,1017.623,0,0,1,82
79588,79588,79588,46:07.0,-0.7241432,-0.2397534,0.1440474,-4.150517,2.136296,20.99673,17.28,1017.623,0,0,1,82
79589,79589,79589,46:07.1,-1.731986,-0.420423,-0.05810724,7.934813,-16.17481,46.02191,17.28,1017.623,0,0,1,82
79590,79590,79590,46:07.2,-1.118686,-0.1621143,0.1098666,11.10874,-13.8554,9.21659,17.28,1017.65,0,0,1,82
79591,79591,79591,46:07.3,-0.6406446,-0.04443495,0.2002014,13.06192,5.615406,-4.516739,17.28,1017.65,0,0,1,82
79592,79592,79592,46:07.4,-0.7949461,-0.1821345,0.02880947,14.3437,8.606219,-10.43733,17.28,1017.623,0,0,1,82
79593,79593,79593,46:07.4,-0.9751274,0.01171911,0.09375286,9.521775,-11.23081,-10.49837,17.28,1017.623,0,0,1,82
79594,79594,79594,46:07.5,-0.9160436,-0.01123081,0.1884823,15.01511,-4.028443,-11.47496,17.28,1017.614,0,0,1,82
79595,79595,79595,46:07.6,-1.533738,-0.507828,0.3256935,-4.699851,4.150517,12.51259,17.28,1017.614,0,0,1,82
79596,79596,79596,46:07.7,-0.9595019,-0.4375134,0.07422101,-9.887997,6.164739,9.21659,17.28,1017.642,0,0,1,82
79597,79597,79597,46:07.8,-0.980987,-0.301767,0.02197333,-13.97748,-9.399701,0,17.28,1017.587,0,0,1,82
79598,79598,79598,46:07.8,-0.7343974,-0.09570605,0.1108432,6.897183,-6.286813,-10.80355,17.28,1017.614,0,0,1,82
79599,79599,79599,46:07.9,-0.8252205,-0.0634785,0.1870174,4.211555,1.342814,-11.35289,17.28,1017.642,0,0,1,82
79600,79600,79600,46:08.0,-0.8764916,-0.07812738,0.1723685,-5.005035,5.73748,-14.46577,17.28,1017.614,0,0,1,82
79601,79601,79601,46:08.1,-1.039094,-0.3086032,0.1147496,-15.44237,2.807703,-6.103702,17.27,1017.607,0,0,1,82
79602,79602,79602,46:08.2,-1.199744,-0.2832118,-0.03955199,0.3662221,-0.122074,15.07614,17.28,1017.614,0,0,1,82
79603,79603,79603,46:08.2,-0.9834285,-0.2299875,0.09814753,9.643849,-9.704886,20.63051,17.27,1017.634,0,0,1,82
79604,79604,79604,46:08.3,-0.9087191,-0.1411176,0.0888699,8.606219,-0.9155553,2.929777,17.28,1017.614,0,0,1,82
79605,79605,79605,46:08.4,-0.7710196,-0.06445509,0.07275613,-6.897183,-1.342814,-1.648,17.28,1017.642,0,0,1,82
79606,79606,79606,46:08.5,-0.7944579,-0.06445509,-0.005859554,-15.01511,-4.577776,-7.629627,17.28,1017.642,0,0,1,82
79607,79607,79607,46:08.6,-1.079134,-0.03125095,0.05957213,5.12711,-2.441481,0.9765923,17.28,1017.614,0,0,1,82
79608,79608,79608,46:08.6,-1.474166,-0.3632923,0.2363353,6.714072,11.65807,20.38636,17.28,1017.623,0,0,1,82
79609,79609,79609,46:08.7,-0.9526658,-0.3501084,0.02099673,3.112888,14.03851,-0.6103702,17.28,1017.614,0,0,1,82
79610,79610,79610,46:08.8,-0.875515,-0.2085025,0.07324442,2.441481,-5.554368,-8.484145,17.28,1017.642,0,0,1,82
79611,79611,79611,46:08.9,-0.7050996,-0.08252205,0.1147496,8.78933,-3.173925,-12.02429,17.28,1017.614,0,0,1,82
79612,79612,79612,46:09.0,-0.9136021,-0.06640828,0.1943419,5.615406,6.95822,-8.056887,17.28,1017.642,0,0,1,82
79613,79613,79613,46:09.0,-0.915067,-0.07861568,0.1513718,-7.934813,12.14637,-7.99585,17.27,1017.634,0,0,1,82
79614,79614,79614,46:09.1,-0.9228798,-0.2656331,0.04101688,-20.99673,14.89303,-1.037629,17.27,1017.579,0,0,1,82
79615,79615,79615,46:09.2,-1.265175,-0.3945433,0.08545183,0.4882962,3.845332,18.25007,17.27,1017.599,0,0,1,82
79616,79616,79616,46:09.3,-1.045442,-0.2954192,0.1538133,1.648,-14.89303,14.77096,17.27,1017.607,0,0,1,82
79617,79617,79617,46:09.4,-0.9482712,-0.166509,0.1235389,-8.667256,-11.16977,6.408887,17.27,1017.634,0,0,1,82
79618,79618,79618,46:09.4,-0.6860561,-0.06836146,0.06543168,-5.432295,0.5493332,2.929777,17.27,1017.634,0,0,1,82
79619,79619,79619,46:09.5,-0.9341105,-0.09814753,-0.03320414,-8.178961,-4.577776,-0.3662221,17.27,1017.607,0,0,1,82
79620,79620,79620,46:09.6,-0.9258095,-0.1069369,0.0249031,5.981628,-9.155553,-4.08948,17.27,1017.607,0,0,1,82
79621,79621,79621,46:09.7,-0.9165319,-0.05566576,0.06640828,14.40474,5.493332,13.8554,17.27,1017.607,0,0,1,82
79622,79622,79622,46:09.8,-1.224647,-0.1464888,0.2446364,1.281777,5.188147,33.08207,17.27,1017.634,0,0,1,82
79623,79623,79623,46:09.8,-1.340861,-0.3339946,0.02734458,-0.06103702,7.202368,6.103702,17.27,1017.634,0,0,1,82
79624,79624,79624,46:09.9,-0.7807856,-0.02148503,0.1308634,10.01007,3.051851,-18.06696,17.28,1017.642,0,0,1,82
79625,79625,79625,46:10.0,-0.600116,0.002929777,0.2397534,15.62548,10.92563,-29.8471,17.27,1017.634,0,0,1,82
79626,79626,79626,46:10.1,-0.7314677,-0.07519761,0.2861415,-6.653035,4.028443,-26.5511,17.27,1017.661,0,0,1,82
79627,79627,79627,46:10.2,-1.211951,-0.2133854,0.09570605,-15.5034,-16.60207,23.07199,17.27,1017.661,0,0,1,82
79628,79628,79628,46:10.2,-1.264199,-0.1460005,0.02197333,-1.281777,-21.91229,42.29865,17.27,1017.661,0,0,1,82
79629,79629,79629,46:10.3,-1.053743,-0.2070376,0.04443495,-8.545182,-14.64888,10.5594,17.27,1017.661,0,0,1,82
79630,79630,79630,46:10.4,-0.6899624,-0.06494339,-0.008789331,-5.188147,3.051851,-10.98666,17.27,1017.653,0,0,1,82
79631,79631,79631,46:10.5,-0.7856685,-0.08008057,-0.01074252,1.525926,0.7324442,-13.06192,17.27,1017.653,0,0,1,82
79632,79632,79632,46:10.6,-0.8838161,-0.03955199,0.02148503,12.81777,-8.78933,-18.49422,17.27,1017.661,0,0,1,82
79633,79633,79633,46:10.6,-1.000519,-0.04541154,0.02002014,14.22163,-12.08533,-19.65392,17.27,1017.661,0,0,1,82
79634,79634,79634,46:10.7,-1.356975,-0.3144627,-0.02294992,14.16059,-5.73748,-2.746666,17.27,1017.716,0,0,1,82
79635,79635,79635,46:10.8,-0.862331,-0.4882962,0.1284219,11.35289,2.197333,-2.624592,17.27,1017.689,0,0,1,82
79636,79636,79636,46:10.9,-1.179235,-0.4917142,-0.005371258,13.79437,6.34785,-9.399701,17.27,1017.681,0,0,1,82
79637,79637,79637,46:11.0,-0.7739494,-0.2211982,0.1001007,30.94577,-4.272591,-12.2074,17.27,1017.653,0,0,1,82
79638,79638,79638,46:11.0,-0.6650594,-0.08008057,0.1225623,35.2794,-0.1831111,-12.39051,17.27,1017.708,0,0,1,82
79639,79639,79639,46:11.1,-0.8843043,-0.03906369,0.1958068,24.2317,-2.197333,-10.13214,17.27,1017.716,0,0,1,82
79640,79640,79640,46:11.2,-0.6577349,-0.1494186,0.2138737,6.225776,4.08948,-5.432295,17.27,1017.689,0,0,1,82
79641,79641,79641,46:11.3,-1.246132,-0.2827235,-0.08154546,-5.798517,-2.075259,16.41896,17.27,1017.653,0,0,1,82
79642,79642,79642,46:11.4,-1.152379,-0.4428846,-0.03613392,8.606219,-22.46162,19.77599,17.27,1017.626,0,0,1,82
79643,79643,79643,46:11.4,-0.918485,-0.1386761,0.1782281,21.42399,-7.751701,-4.455702,17.27,1017.607,0,0,1,82
79644,79644,79644,46:11.5,-0.7925047,-0.1425825,0.05664235,-4.394665,7.56859,0.4882962,17.27,1017.634,0,0,1,82
79645,79645,79645,46:11.6,-0.7646718,-0.1425825,-0.02197333,-18.7994,1.892148,-0.1831111,17.27,1017.634,0,0,1,82
79646,79646,79646,46:11.7,-0.8882107,-0.1069369,-0.09570605,-21.72918,-5.73748,2.075259,17.27,1017.653,0,0,1,82
79647,79647,79647,46:11.8,-1.721732,-0.4624165,0.3188574,-9.765924,15.56444,29.41984,17.26,1017.618,0,0,1,82
79648,79648,79648,46:11.8,-0.954619,-0.425306,-0.02832118,-15.74755,21.97333,14.832,17.27,1017.599,0,0,1,82
79649,79649,79649,46:11.9,-1.005402,-0.1684622,0.06152532,-10.68148,1.709037,0.8545183,17.27,1017.607,0,0,1,82
79650,79650,79650,46:12.0,-0.6162298,-0.04150517,0.1289102,13.48918,7.141331,-13.8554,17.27,1017.607,0,0,1,82
79651,79651,79651,46:12.1,-0.8735618,-0.05908383,0.1733451,-3.967406,4.211555,-4.882962,17.27,1017.661,0,0,1,82
79652,79652,79652,46:12.2,-0.8637959,0.02734458,0.192877,-11.23081,8.178961,-3.47911,17.27,1017.626,0,0,1,82
79653,79653,79653,46:12.2,-0.8847926,-0.3159276,0.06103702,-21.36296,6.103702,1.648,17.27,1017.626,0,0,1,82
79654,79654,79654,46:12.3,-1.237831,-0.2128971,-0.02392651,-2.807703,-2.136296,23.07199,17.26,1017.618,0,0,1,82
79655,79655,79655,46:12.4,-1.198279,-0.05420087,0.06054872,15.38133,-13.36711,25.63555,17.26,1017.645,0,0,1,82
79656,79656,79656,46:12.5,-0.8178961,-0.1987365,0.1821345,6.530961,-5.554368,-4.333628,17.26,1017.618,0,0,1,82
79657,79657,79657,46:12.6,-0.7163305,-0.06982635,0.02783288,-9.82696,-1.098666,-11.41392,17.26,1017.637,0,0,1,82
79658,79658,79658,46:12.6,-0.8642842,-0.1025422,-0.06201361,-15.86963,-12.2074,-8.301035,17.26,1017.645,0,0,1,82
79659,79659,79659,46:12.7,-0.9883114,-0.007324442,0.02880947,1.281777,-13.8554,-11.10874,17.26,1017.7,0,0,1,82
79660,79660,79660,46:12.8,-0.9072543,0.03906369,0.1084017,9.399701,-5.066072,-17.82281,17.26,1017.7,0,0,1,82
79661,79661,79661,46:12.9,-1.406293,-0.4624165,-0.04882962,-19.65392,3.47911,12.57363,17.27,1017.681,0,0,1,82
79662,79662,79662,46:13.0,-0.8652608,-0.4541154,-0.0512711,-13.91644,10.62044,7.141331,17.26,1017.645,0,0,1,82
79663,79663,79663,46:13.0,-1.164586,-0.3320414,0.06933805,2.380444,6.042665,-2.685629,17.27,1017.681,0,0,1,82
79664,79664,79664,46:13.1,-0.7241432,-0.02832118,0.0512711,13.24503,-2.624592,-14.58785,17.27,1017.653,0,0,1,82
79665,79665,79665,46:13.2,-0.8384045,-0.04150517,0.1855525,6.34785,4.333628,-22.82784,17.27,1017.653,0,0,1,82
79666,79666,79666,46:13.3,-0.8764916,-0.1411176,0.05908383,-17.94488,11.536,-21.05777,17.27,1017.653,0,0,1,82
79667,79667,79667,46:13.4,-1.878964,-0.2500076,-0.04638813,-7.324442,0.3662221,47.42576,17.26,1017.672,0,0,1,82
79668,79668,79668,46:13.4,-1.188025,-0.3335063,0.05615406,-20.87466,-17.45659,25.26933,17.26,1017.645,0,0,1,82
79669,79669,79669,46:13.5,-0.7636952,-0.09424116,0.02441481,-20.4474,5.249184,5.554368,17.26,1017.645,0,0,1,82
79670,79670,79670,46:13.6,-0.6777551,-0.1127964,-0.06640828,-25.63555,-0.9155553,0.1831111,17.26,1017.672,0,0,1,82
79671,79671,79671,46:13.7,-0.9077426,-0.1025422,-0.105472,-16.60207,-11.10874,-8.423109,17.26,1017.645,0,0,1,82
79672,79672,79672,46:13.8,-0.8681906,-0.04736473,-0.01611377,3.295999,-6.836146,-11.16977,17.26,1017.618,0,0,1,82
79673,79673,79673,46:13.8,-1.038606,-0.06494339,0.07715079,10.25422,12.2074,9.704886,17.26,1017.645,0,0,1,82
79674,79674,79674,46:13.9,-1.015168,-0.1787164,0.0380871,-8.78933,18.00592,22.64473,17.25,1017.629,0,0,1,82
79675,79675,79675,46:14.0,-1.352092,-0.3823359,-0.03711051,-8.850368,11.78014,3.295999,17.26,1017.637,0,0,1,82
79676,79676,79676,46:14.1,-0.7236549,-0.07226783,0.02880947,10.92563,-3.173925,-16.23585,17.26,1017.61,0,0,1,82
79677,79677,79677,46:14.2,-0.6831263,-0.04687643,0.1245155,24.53688,-1.037629,-26.06281,17.26,1017.583,0,0,1,82
79678,79678,79678,46:14.2,-0.9092075,-0.02685629,0.2290109,16.90726,3.112888,-28.50429,17.25,1017.575,0,0,1,82
79679,79679,79679,46:14.3,-0.6675009,-0.1367229,0.1806696,-4.882962,4.08948,-19.22666,17.25,1017.602,0,0,1,82
79680,79680,79680,46:14.4,-1.704154,-0.6098819,0.01562548,-19.9591,-3.723258,23.68236,17.25,1017.602,0,0,1,82
79681,79681,79681,46:14.5,-1.129917,-0.3418073,0.05175939,2.25837,-16.17481,26.97836,17.25,1017.602,0,0,1,82
79682,79682,79682,46:14.6,-0.8535417,-0.1303751,-0.0629902,-5.920591,-2.807703,10.07111,17.25,1017.657,0,0,1,82
79683,79683,79683,46:14.6,-0.7509995,-0.13184,-0.02685629,-7.019257,-8.850368,-4.08948,17.26,1017.665,0,0,1,82
79684,79684,79684,46:14.7,-0.8335215,-0.05175939,-0.07226783,-1.037629,-17.6397,-14.09955,17.26,1017.637,0,0,1,82
79685,79685,79685,46:14.8,-0.9404584,-0.0756859,-0.1181677,5.249184,-13.24503,-15.56444,17.26,1017.637,0,0,1,82
79686,79686,79686,46:14.9,-0.9433882,0.05371258,0.07470931,10.86459,-2.929777,-9.460738,17.26,1017.665,0,0,1,82
79687,79687,79687,46:15.0,-0.9829401,-0.5254067,-0.1201209,-21.30192,4.638813,-12.63466,17.26,1017.645,0,0,1,82
79688,79688,79688,46:15.0,-0.9009064,-0.2495193,-0.1245155,-23.19407,-8.301035,-6.34785,17.26,1017.665,0,0,1,82
79689,79689,79689,46:15.1,-0.7959228,-0.2055727,-0.04687643,-2.014222,-2.86874,-6.469924,17.26,1017.637,0,0,1,82
79690,79690,79690,46:15.2,-0.85403,-0.04980621,0.1069369,-1.098666,5.73748,-5.12711,17.25,1017.657,0,0,1,82
79691,79691,79691,46:15.3,-0.740257,-0.1347697,0.09179968,-13.67229,11.23081,-4.150517,17.25,1017.629,0,0,1,82
79692,79692,79692,46:15.4,-1.083041,-0.2690512,-0.09326456,-33.57036,13.42814,21.97333,17.25,1017.629,0,0,1,82
79693,79693,79693,46:15.4,-1.355998,-0.6948454,-0.3105564,-35.21836,2.990814,36.68325,17.25,1017.657,0,0,1,82
79694,79694,79694,46:15.5,-0.9946592,-0.1303751,-0.06494339,-17.82281,2.075259,3.723258,17.26,1017.637,0,0,1,82
79695,79695,79695,46:15.6,-0.6465041,-0.1992248,-0.06152532,2.075259,14.52681,-15.5034,17.26,1017.665,0,0,1,82
79696,79696,79696,46:15.7,-0.8149663,-0.1621143,-0.10889,5.005035,3.601184,-12.2074,17.26,1017.61,0,0,1,82
79697,79697,79697,46:15.8,-0.8027589,-0.03173925,-0.06836146,19.40977,4.943998,-3.662221,17.26,1017.637,0,0,1,82
79698,79698,79698,46:15.8,-1.019074,-0.08642842,-0.03466903,22.70577,0.2441481,-2.075259,17.26,1017.61,0,0,1,82
79699,79699,79699,46:15.9,-1.469771,-0.3256935,0.09375286,14.64888,12.08533,4.882962,17.26,1017.61,0,0,1,82
79700,79700,79700,46:16.0,-0.5351726,-0.2968841,-0.04882962,-1.22074,23.7434,-10.92563,17.25,1017.629,0,0,1,82
79701,79701,79701,46:16.1,-0.9966124,-0.4194464,0.000976592,-20.08118,11.10874,-11.71911,17.24,1017.649,0,0,1,82
79702,79702,79702,46:16.2,-0.7934812,-0.2612385,0.05810724,-0.7934812,-0.6714072,0.2441481,17.24,1017.621,0,0,1,82
79703,79703,79703,46:16.2,-0.774926,-0.07324442,0.1337931,3.112888,1.709037,-6.225776,17.25,1017.629,0,0,1,82
79704,79704,79704,46:16.3,-0.9111606,-0.08008057,0.140141,-5.859554,4.638813,-2.075259,17.25,1017.629,0,0,1,82
79705,79705,79705,46:16.4,-0.9692678,-0.4389783,0.04052858,-13.91644,9.155553,1.098666,17.26,1017.665,0,0,1,82
79706,79706,79706,46:16.5,-0.9458296,-0.2089908,0.06836146,7.385479,5.249184,14.832,17.25,1017.657,0,0,1,82
79707,79707,79707,46:16.6,-1.09769,-0.2163152,0.1972716,13.8554,-1.525926,4.150517,17.26,1017.665,0,0,1,82
79708,79708,79708,46:16.6,-0.7710196,-0.1596728,0.1264687,-0.1831111,4.882962,0.3051851,17.26,1017.665,0,0,1,82
79709,79709,79709,46:16.7,-0.7329325,-0.07226783,0.06494339,-3.295999,-1.892148,-3.295999,17.26,1017.692,0,0,1,82
79710,79710,79710,46:16.8,-0.8242439,-0.06738487,0.04541154,-6.775109,-10.19318,-7.56859,17.25,1017.629,0,0,1,82
79711,79711,79711,46:16.9,-0.9595019,0.07910398,0.1274453,-7.385479,-12.2074,-10.92563,17.25,1017.629,0,0,1,82
79712,79712,79712,46:17.0,-1.008332,0.02929777,0.0380871,-27.46666,-5.432295,2.014222,17.26,1017.637,0,0,1,82
79713,79713,79713,46:17.0,-1.541063,-0.4243294,0.1552782,-36.86636,6.34785,18.55525,17.26,1017.61,0,0,1,82
79714,79714,79714,46:17.1,-0.761742,-0.1865291,-0.08594012,-34.73006,9.949034,3.845332,17.26,1017.637,0,0,1,82
79715,79715,79715,46:17.2,-0.9604785,-0.267098,-0.1113315,-42.23762,-11.16977,-7.446517,17.26,1017.665,0,0,1,82
79716,79716,79716,46:17.3,-0.7119358,-0.02685629,-0.06103702,-25.8797,-10.01007,-19.04355,17.25,1017.629,0,0,1,82
79717,79717,79717,46:17.4,-1.006867,-0.09472945,0.1235389,-9.949034,7.629627,-22.94992,17.24,1017.649,0,0,1,82
79718,79718,79718,46:17.4,-0.9062777,-0.2954192,0,-15.19822,9.765924,-17.82281,17.25,1017.684,0,0,1,82
79719,79719,79719,46:17.5,-0.9580371,-0.1001007,0.04882962,0.7934812,11.536,1.464888,17.26,1017.665,0,0,1,82
79720,79720,79720,46:17.6,-0.8784448,-0.1967833,-0.04443495,-1.403851,9.643849,6.95822,17.25,1017.657,0,0,1,82
79721,79721,79721,46:17.7,-1.338908,-0.05810724,0.02685629,-32.77688,-0.2441481,-24.41481,17.25,1017.684,0,0,1,82
79722,79722,79722,46:17.8,-1.316446,-0.4130985,-0.2343822,-64.21095,-3.845332,-66.16413,17.25,1017.657,0,0,1,82
79723,79723,79723,46:17.8,-0.7632069,-0.5039216,-0.219245,-57.06961,11.65807,-38.69747,17.25,1017.602,0,0,1,82
79724,79724,79724,46:17.9,-0.158208,-0.2373119,-0.1557665,-18.73837,50.59969,34.48592,17.25,1017.575,0,0,1,82
79725,79725,79725,46:18.0,-1.256386,-0.8471938,0.3471786,-3.540147,45.96088,74.83138,17.25,1017.602,0,0,1,82
79726,79726,79726,46:18.1,-1.26371,-0.6201361,-0.09424116,6.836146,3.845332,0.3051851,17.24,1017.594,0,0,1,82
79727,79727,79727,46:18.2,-0.6953337,-0.1562548,0.0380871,39.12473,-13.91644,-5.371258,17.24,1017.567,0,0,1,82
79728,79728,79728,46:18.2,-0.07177953,-0.0126957,-0.01757866,44.86221,-23.49925,13.67229,17.24,1017.594,0,0,1,82
79729,79729,79729,46:18.3,-1.818415,-0.8994415,0.1586962,23.92651,-34.66903,13.73333,17.24,1017.621,0,0,1,82
79730,79730,79730,46:18.4,-0.8432875,-0.04736473,-0.1870174,-27.46666,-29.60295,-11.29185,17.24,1017.594,0,0,1,82
79731,79731,79731,46:18.5,-1.686575,-0.4795068,-0.2553789,-45.65569,8.911405,-25.20829,17.24,1017.613,0,0,1,82
79732,79732,79732,46:18.6,-0.5215003,-0.3310648,-0.1362346,-28.44325,23.19407,-5.73748,17.24,1017.621,0,0,1,82
79733,79733,79733,46:18.6,0.00634785,-0.1660207,-0.1240272,-8.972442,51.63732,14.58785,17.24,1017.621,0,0,1,82
79734,79734,79734,46:18.7,-2.25837,-0.4170049,0.7607654,14.09955,50.47762,17.51762,17.24,1017.613,0,0,1,82
79735,79735,79735,46:18.8,-1.296915,-0.8545183,0.1962951,10.43733,-15.32029,1.098666,17.24,1017.641,0,0,1,82
79736,79736,79736,46:18.9,-1.147008,-0.05761895,0.2104556,58.29035,-1.037629,7.690664,17.24,1017.641,0,0,1,82
79737,79737,79737,46:19.0,-0.2495193,0.02246162,0.1674856,58.10724,-14.832,32.04443,17.24,1017.594,0,0,1,82
79738,79738,79738,46:19.0,0.04589984,0.1938536,0.1489303,44.92324,-11.71911,38.0871,17.24,1017.613,0,0,0,0
79739,79739,79739,46:19.1,-3.016205,-0.9731742,0.3227638,-48.89065,-62.13568,15.13718,17.24,1017.613,0,0,0,0
79740,79740,79740,46:19.2,-1.394086,-0.09131138,-0.09521775,-40.16236,2.563555,-8.667256,17.24,1017.621,0,0,0,0
79741,79741,79741,46:19.3,-0.8813745,-0.02832118,-0.1391644,-52.79702,13.30607,2.319407,17.24,1017.613,0,0,0,0
79742,79742,79742,46:19.4,-0.1660207,-0.4111454,-0.1010773,-36.19495,22.0954,11.0477,17.24,1017.613,0,0,0,0
79743,79743,79743,46:19.4,-0.1723685,-0.521012,-0.4380017,0.5493332,35.2794,5.310221,17.24,1017.613,0,0,0,0
79744,79744,79744,46:19.5,-1.57622,0.08740501,-0.1699271,56.76443,-23.80444,-13.55022,17.24,1017.668,0,0,0,0
79745,79745,79745,46:19.6,-1.083041,-0.02002014,0.2822352,73.30546,-8.239998,-13.97748,17.24,1017.676,0,0,0,0
79746,79746,79746,46:19.7,-0.4756005,0.1118198,0.2158269,66.59138,-8.606219,5.493332,17.24,1017.641,0,0,0,0
79747,79747,79747,46:19.8,-3.540147,-1.226112,0.2417066,-24.59792,-27.52769,37.35466,17.24,1017.649,0,0,0,0
79748,79748,79748,46:19.8,-0.8222907,0.3574328,0.01367229,-11.23081,-3.234962,12.75674,17.24,1017.594,0,0,0,0
79749,79749,79749,46:19.9,-0.5678884,0.08740501,0.1084017,-12.57363,37.47673,-3.967406,17.24,1017.586,0,0,0,0
79750,79750,79750,46:20.0,-0.5859554,0.000488296,-0.0502945,-18.18903,1.342814,1.281777,17.23,1017.578,0,0,0,0
79751,79751,79751,46:20.1,-0.7612537,-0.09863582,-0.1201209,-16.05274,5.310221,-0.3051851,17.24,1017.641,0,0,0,0
79752,79752,79752,46:20.2,-1.555223,0.1074252,0.3076266,2.746666,15.07614,14.28266,17.24,1017.641,0,0,0,0
79753,79753,79753,46:20.2,-1.204138,-0.1064486,0.05224769,7.507553,20.87466,-16.60207,17.24,1017.613,0,0,0,0
79754,79754,79754,46:20.3,-0.5937681,0.05468917,0.04638813,22.03436,6.225776,-31.4951,17.23,1017.633,0,0,0,0
79755,79755,79755,46:20.4,-0.664571,0.1157262,0.2661214,25.20829,0.3662221,-44.6791,17.24,1017.641,0,0,0,0
79756,79756,79756,46:20.5,-0.6113468,-0.2085025,0.2329173,-2.014222,-2.86874,-38.20918,17.24,1017.641,0,0,0,0
79757,79757,79757,46:20.6,-0.7490463,-0.1640675,0.01855525,-8.362072,-8.239998,7.263405,17.24,1017.641,0,0,0,0
79758,79758,79758,46:20.6,-1.792535,-0.3115329,0.145024,-14.03851,-27.10044,30.57955,17.24,1017.641,0,0,0,0
79759,79759,79759,46:20.7,-0.9541307,-0.148442,0.2270577,-7.873775,0.9765923,-9.704886,17.24,1017.641,0,0,0,0
79760,79760,79760,46:20.8,-0.4565569,-0.1259804,0.100589,-14.95407,9.704886,-11.90222,17.24,1017.641,0,0,0,0
79761,79761,79761,46:20.9,-0.7163305,-0.2993256,-0.1259804,-16.35792,-12.45155,-8.728293,17.24,1017.641,0,0,0,0
79762,79762,79762,46:21.0,-0.6718955,0.1381878,0.000976592,10.80355,-17.27348,-1.648,17.23,1017.605,0,0,0,0
79763,79763,79763,46:21.0,-1.643605,-0.5097812,0.2065493,28.38221,8.606219,33.6314,17.23,1017.605,0,0,0,0
79764,79764,79764,46:21.1,-1.133335,-0.1699271,-0.0893582,17.02933,-3.784295,8.728293,17.23,1017.633,0,0,0,0
79765,79765,79765,46:21.2,-0.9746391,-0.1909238,0.07177953,28.6874,-16.78518,-19.9591,17.23,1017.605,0,0,0,0
79766,79766,79766,46:21.3,-0.7031465,-0.03711051,0.0893582,33.75347,-18.67733,-15.44237,17.23,1017.605,0,0,0,0
79767,79767,79767,46:21.4,-0.8188726,-0.1113315,0.2446364,20.38636,5.554368,-6.95822,17.23,1017.633,0,0,0,0
79768,79768,79768,46:21.4,-1.669973,-0.4399548,-0.1464888,-17.39555,-16.96829,27.77184,17.23,1017.605,0,0,0,0
79769,79769,79769,46:21.5,-1.001495,-0.2260811,-0.06494339,-15.01511,-3.784295,-3.845332,17.23,1017.633,0,0,0,0
79770,79770,79770,46:21.6,-0.6435744,-0.0512711,0.07177953,9.765924,18.31111,-16.90726,17.24,1017.613,0,0,0,0
79771,79771,79771,46:21.7,-0.7202368,-0.1650441,-0.02636799,4.516739,5.798517,-12.08533,17.24,1017.641,0,0,0,0
79772,79772,79772,46:21.8,-0.7729728,-0.1240272,-0.01953185,11.96326,-6.714072,-10.37629,17.23,1017.605,0,0,0,0
79773,79773,79773,46:21.8,-1.033723,-0.1162145,0.0883816,27.16147,8.484145,7.141331,17.24,1017.613,0,0,0,0
79774,79774,79774,46:21.9,-1.047884,-0.6108585,0.2402417,2.685629,10.68148,10.37629,17.24,1017.586,0,0,0,0
79775,79775,79775,46:22.0,-0.9316691,-0.3886837,-0.0375988,12.32948,-0.1831111,-33.99762,17.24,1017.586,0,0,0,0
79776,79776,79776,46:22.1,-0.4941557,-0.2031312,0.06738487,28.99258,-12.45155,-29.48088,17.24,1017.586,0,0,0,0
79777,79777,79777,46:22.2,-0.6728721,-0.1035188,0.2954192,42.84799,3.051851,-11.90222,17.24,1017.586,0,0,0,0
79778,79778,79778,46:22.2,-0.8247322,-0.1093783,0.2627033,16.60207,1.342814,7.873775,17.24,1017.613,0,0,0,0
79779,79779,79779,46:22.3,-0.8501236,-0.1787164,0.1113315,11.10874,0.9155553,27.52769,17.24,1017.613,0,0,0,0
79780,79780,79780,46:22.4,-1.724662,-0.4223762,0.05713065,21.72918,-4.943998,49.19584,17.24,1017.613,0,0,0,0
79781,79781,79781,46:22.5,-1.067904,-0.227546,0.1962951,12.08533,-14.58785,9.887997,17.24,1017.613,0,0,0,0
79782,79782,79782,46:22.6,-0.7300028,-0.1132847,0.1284219,5.981628,-6.591998,-9.094516,17.24,1017.641,0,0,0,0
79783,79783,79783,46:22.6,-0.7334208,-0.1396527,0.02246162,4.882962,-10.80355,-7.019257,17.24,1017.613,0,0,0,0
79784,79784,79784,46:22.7,-0.967803,-0.06152532,0.04248177,4.638813,-16.11377,-6.836146,17.23,1017.605,0,0,0,0
79785,79785,79785,46:22.8,-0.8462172,0.06103702,0.1611377,10.98666,-5.615406,-3.967406,17.23,1017.605,0,0,0,0
79786,79786,79786,46:22.9,-1.684622,-0.5683767,0.1376995,-13.61126,7.446517,26.49007,17.23,1017.597,0,0,0,0
79787,79787,79787,46:23.0,-0.9663381,-0.1782281,0.002929777,-3.662221,-4.455702,-14.46577,17.23,1017.633,0,0,0,0